,AUC-ROC,PR-AUC,Brier Score,Accuracy,Precision,Recall,F1-Score
Modelo 2 (XGBoost),0.9951016865079365,0.9823093907766212,0.021114898845553398,0.9743589743589743,0.95,0.9047619047619048,0.926829268292683
Modelo 3 (Calibrado),0.9935825892857144,0.9756077411606576,0.02133701397443641,0.9743589743589743,0.9615384615384616,0.8928571428571429,0.9259259259259259
