,AUC-ROC,PR-AUC,Brier Score,Accuracy,Precision,Recall,F1-Score
Modelo 2 (XGBoost),0.9396726595715119,0.7973345424915976,0.07968762516975403,0.8995726495726496,0.7777777777777778,0.7216494845360825,0.7486631016042781
Modelo 3 (Calibrado),0.9436324228193514,0.8004535770084013,0.07522668993527164,0.8888888888888888,0.7227722772277227,0.7525773195876289,0.7373737373737373
