{
  "metrics": {
    "regression": {
      "MAE": 0.6138547008547008,
      "RMSE": 0.9073204185293869,
      "R2": 0.9710392967328183
    },
    "classification_xgboost": {
      "AUC-ROC": 0.9808781025923884,
      "PR-AUC": 0.9371896668943793,
      "Brier Score": 0.04827273637056351,
      "Accuracy": 0.9474358974358974,
      "Precision": 0.8863157894736842,
      "Recall": 0.8591836734693877,
      "F1-Score": 0.8725388601036269
    },
    "classification_calibrated": {
      "AUC-ROC": 0.9814004412575841,
      "PR-AUC": 0.9353209622774129,
      "Brier Score": 0.04545386180451671,
      "Accuracy": 0.9423076923076923,
      "Precision": 0.8420038535645472,
      "Recall": 0.8918367346938776,
      "F1-Score": 0.8662041625371655
    },
    "classification_best": {
      "AUC-ROC": 0.9814004412575841,
      "PR-AUC": 0.9353209622774129,
      "Brier Score": 0.04545386180451671,
      "Accuracy": 0.9423076923076923,
      "Precision": 0.8420038535645472,
      "Recall": 0.8918367346938776,
      "F1-Score": 0.8662041625371655
    }
  },
  "best_classifier": {
    "name": "Modelo 3 (Calibrado)",
    "path": "deficit_classifier_calibrated.pkl",
    "threshold": 0.4341841861605644
  }
}