{
  "metrics": {
    "regression": {
      "MAE": 0.46582417582417585,
      "RMSE": 0.676801827927285,
      "R2": 0.9879597309949346
    },
    "classification_xgboost": {
      "AUC-ROC": 0.9415808428634612,
      "PR-AUC": 0.9797913243780689,
      "Brier Score": 0.05395764485001564,
      "Accuracy": 0.9478021978021978,
      "Precision": 0.9649415692821369,
      "Recall": 0.9714285714285714,
      "F1-Score": 0.9681742043551089
    },
    "classification_calibrated": {
      "AUC-ROC": 0.8643078283945157,
      "PR-AUC": 0.9601987133027324,
      "Brier Score": 0.11220237773275368,
      "Accuracy": 0.8956043956043956,
      "Precision": 0.9125596184419714,
      "Recall": 0.9647058823529412,
      "F1-Score": 0.9379084967320261
    },
    "classification_best": {
      "AUC-ROC": 0.8643078283945157,
      "PR-AUC": 0.9601987133027324,
      "Brier Score": 0.11220237773275368,
      "Accuracy": 0.8956043956043956,
      "Precision": 0.9125596184419714,
      "Recall": 0.9647058823529412,
      "F1-Score": 0.9379084967320261
    },
    "role_models": {
      "garzon": {
        "AUC-ROC": 0.9444173490429619,
        "PR-AUC": 0.9027644458509938,
        "Brier Score": 0.09589509665966034,
        "Accuracy": 0.9120879120879121,
        "Precision": 0.9146919431279621,
        "Recall": 0.8075313807531381,
        "F1-Score": 0.8577777777777778
      },
      "cocinero_linea": {
        "AUC-ROC": 0.9564297309833024,
        "PR-AUC": 0.9024160372514528,
        "Brier Score": 0.0507524311542511,
        "Accuracy": 0.9560439560439561,
        "Precision": 0.8921568627450981,
        "Recall": 0.8125,
        "F1-Score": 0.8504672897196262
      },
      "jefe_turno": {
        "AUC-ROC": 0.9661673250674698,
        "PR-AUC": 0.9301374869502939,
        "Brier Score": 0.014108681119978428,
        "Accuracy": 0.9958791208791209,
        "Precision": 1.0,
        "Recall": 0.918918918918919,
        "F1-Score": 0.9577464788732394
      }
    }
  },
  "best_classifier": {
    "name": "restaurant_calibrated",
    "path": "restaurant_deficit_classifier_calibrated.pkl",
    "threshold": 0.5743265946706136
  }
}