model,MAE,RMSE,R2,AUC-ROC,PR-AUC,Brier Score,Accuracy,Precision,Recall,F1-Score
restaurant_headcount_regressor,0.9915540540540543,1.2533255762171296,0.9615162589268238,,,,,,,
restaurant_xgboost,,,,0.6874796747967479,0.9144731908879169,0.1391189992427826,0.8040540540540541,0.8615384615384616,0.9105691056910569,0.8853754940711462
restaurant_calibrated,,,,0.6803252032520325,0.9010092705997061,0.13605879236783433,0.8243243243243243,0.8489208633093526,0.959349593495935,0.9007633587786259
restaurant_role_garzon,,,,0.6801242236024844,0.504699500622732,0.22735337913036346,0.6486486486486487,0.5588235294117647,0.3392857142857143,0.4222222222222222
restaurant_role_cocinero_linea,,,,0.6663673102828918,0.1796983002191183,0.11096606403589249,0.831081081081081,0.1,0.058823529411764705,0.07407407407407407
restaurant_role_jefe_turno,,,,0.5287356321839081,0.0277451757864129,0.02173841930925846,0.9797297297297297,0.0,0.0,0.0
