{
  "metrics": {
    "regression": {
      "MAE": 1.0247222222222223,
      "RMSE": 1.3518233571324654,
      "R2": 0.9514871744187386
    },
    "classification_xgboost": {
      "AUC-ROC": 0.7664835164835165,
      "PR-AUC": 0.9685693528193344,
      "Brier Score": 0.09417358040809631,
      "Accuracy": 0.8888888888888888,
      "Precision": 0.9071428571428571,
      "Recall": 0.9769230769230769,
      "F1-Score": 0.9407407407407408
    },
    "classification_calibrated": {
      "AUC-ROC": 0.7414835164835164,
      "PR-AUC": 0.9679617227629226,
      "Brier Score": 0.092305938292107,
      "Accuracy": 0.8888888888888888,
      "Precision": 0.9071428571428571,
      "Recall": 0.9769230769230769,
      "F1-Score": 0.9407407407407408
    },
    "classification_best": {
      "AUC-ROC": 0.7414835164835164,
      "PR-AUC": 0.9679617227629226,
      "Brier Score": 0.092305938292107,
      "Accuracy": 0.8888888888888888,
      "Precision": 0.9071428571428571,
      "Recall": 0.9769230769230769,
      "F1-Score": 0.9407407407407408
    },
    "role_models": {
      "garzon": {
        "AUC-ROC": 0.6836734693877551,
        "PR-AUC": 0.5656621257291163,
        "Brier Score": 0.23839394748210907,
        "Accuracy": 0.5694444444444444,
        "Precision": 0.4024390243902439,
        "Recall": 0.717391304347826,
        "F1-Score": 0.515625
      },
      "cocinero_linea": {
        "AUC-ROC": 0.7653890824622531,
        "PR-AUC": 0.29736967222275,
        "Brier Score": 0.13167548179626465,
        "Accuracy": 0.7708333333333334,
        "Precision": 0.3,
        "Recall": 0.42857142857142855,
        "F1-Score": 0.35294117647058826
      },
      "jefe_turno": {
        "AUC-ROC": 0.5747252747252747,
        "PR-AUC": 0.12614763150997937,
        "Brier Score": 0.09490665793418884,
        "Accuracy": 0.9027777777777778,
        "Precision": 0.0,
        "Recall": 0.0,
        "F1-Score": 0.0
      }
    }
  },
  "best_classifier": {
    "name": "restaurant_calibrated",
    "path": "restaurant_deficit_classifier_calibrated.pkl",
    "threshold": 0.591534415880839
  }
}