model,MAE,RMSE,R2,AUC-ROC,PR-AUC,Brier Score,Accuracy,Precision,Recall,F1-Score
restaurant_headcount_regressor,0.9141666666666666,1.1730498000227159,0.9523418675966568,,,,,,,
restaurant_xgboost,,,,0.6545758928571428,0.8693720132996241,0.17952726781368256,0.7847222222222222,0.8091603053435115,0.9464285714285714,0.8724279835390947
restaurant_calibrated,,,,0.6946149553571428,0.8828573999466778,0.1597440851393229,0.7847222222222222,0.8045112781954887,0.9553571428571429,0.8734693877551021
restaurant_role_garzon,,,,0.7488304093567251,0.37973482451213775,0.14909791946411133,0.7708333333333334,0.44,0.36666666666666664,0.4
restaurant_role_cocinero_linea,,,,0.6610526315789473,0.30055632758620465,0.12132406234741211,0.7777777777777778,0.21739130434782608,0.2631578947368421,0.23809523809523808
restaurant_role_jefe_turno,,,,0.5328467153284672,0.07344296385578025,0.047238484025001526,0.9513888888888888,0.0,0.0,0.0
